<?xml version="1.0" encoding="UTF-8"?>
<!DOCTYPE struts-config PUBLIC "-//Apache Software Foundation//DTD Struts 
Configuration 1.3//EN" "http://struts.apache.org/dtds/struts-config_1_3.dtd">
<struts-config>
	<form-beans>
		<form-bean name="listFilmForm" type="form.ListFilmForm" />
	</form-beans>
	<action-mappings>
		<action name="listFilmForm"
			path="/list" scope="request" type="action.ListFilmAction">
			<forward name="listFilm" path="/ListFilm.jsp" />
		</action>
		<action name="listFilmForm"
			path="/search" scope="request" type="action.SearchFilmAction">
			<forward name="searchFilm" path="/list.do" />
			<forward name="searchFilmError" path="/list.do" />
		</action>
		<action name="listFilmForm"
			path="/add" scope="request" type="action.AddFilmAction">
			<forward name="addFilm" path="/AddFilm.jsp" />
			<forward name="addFilmError" path="/AddFilm.jsp" />
			<forward name="addFilmFinish" path="/list.do"/>
		</action>
	</action-mappings>
	<message-resources parameter="action.ApplicationResources" />	
</struts-config>
